{
  "groups": [
    {
      "name": "ВТД-3-20",
      "lessons": [
        {
          "time": "8:20-09:50",
          "subject": "Облачные вычисления и мобильные приложения",
          "teacher": "Сергазина Д",
          "classroom": "56"
        },
        {
          "time": "10:00-11:30",
          "subject": "Охрана труда",
          "teacher": "Малгаждарова КГ",
          "classroom": "56"
        },
        {
          "time": "11:50-13:20",
          "subject": "Основы экономики",
          "teacher": "Малгаждарова КГ",
          "classroom": "56"
        }
      ]
    },
    {
      "name": "ВТ-2-20",
      "lessons": [
        {
          "time": "8:20-09:50",
          "subject": "Веб-дизайн",
          "teacher": "Шынтемір ЛУ",
          "classroom": "56"
        },
        {
          "time": "10:00-11:30",
          "subject": "Автоматизированные информационные системы",
          "teacher": "Биржанова ББ",
          "classroom": "56"
        },
        {
          "time": "11:50-13:20",
          "subject": "Культурология",
          "teacher": "Султанова НС",
          "classroom": "56"
        }
      ]
    },
    {
      "name": "ТИС-3-21",
      "lessons": [
        {
          "time": "8:20-09:50",
          "subject": "Инструментальные средства визуальной коммуникации",
          "teacher": "Биржанова ББ",
          "classroom": "41"
        },
        {
          "time": "10:00-11:30",
          "subject": "Web программирование и Интернет технологии",
          "teacher": "Хаиржанов АА",
          "classroom": "54"
        },
        {
          "time": "11:50-13:20",
          "subject": "Химия",
          "teacher": "Шарипова ГК",
          "classroom": "42"
        }
      ]
    }
  ]
}
